timestamp,region,service_type,usage_units,provisioned_capacity,cost_usd,availability_pct,is_weekend,utilization_pct
2023-01-01,Central India,Compute,417.38,521.72,26.09,99.86,1,80.0
2023-01-02,East US,Storage,399.78,499.72,7.5,99.86,0,80.0
2023-01-03,West Europe,Compute,431.9,539.88,,99.86,0,80.0
2023-01-04,Southeast Asia,Storage,467.14,583.92,8.76,99.85,0,80.0
2023-01-05,Central India,Compute,410.22,512.78,25.64,99.86,0,80.0
2023-01-06,East US,Storage,414.77,518.46,,99.86,0,80.0
2023-01-07,West Europe,Compute,482.75,603.44,30.17,99.85,1,80.0
2023-01-08,Southeast Asia,Storage,458.82,573.52,8.6,99.85,1,80.0
2023-01-09,Central India,Compute,419.96,524.95,26.25,99.86,0,80.0
2023-01-10,East US,Storage,459.75,574.69,8.62,99.85,0,80.0
2023-01-11,West Europe,Compute,428.86,536.08,26.8,99.86,0,80.0
2023-01-12,Southeast Asia,Storage,433.03,541.29,,99.86,0,80.0
2023-01-13,Central India,Compute,461.97,577.46,28.87,99.85,0,80.0
2023-01-14,East US,Storage,,488.29,7.32,99.86,1,80.0
2023-01-15,West Europe,Compute,401.24,501.55,25.08,99.86,1,80.0
2023-01-16,Southeast Asia,Storage,445.85,557.31,,99.86,0,80.0
2023-01-17,Central India,Compute,433.9,542.38,27.12,99.86,0,80.0
2023-01-18,East US,Storage,484.07,605.09,9.08,99.85,0,80.0
2023-01-19,West Europe,Compute,444.9,556.12,27.81,99.86,0,80.0
2023-01-20,Southeast Asia,Storage,430.75,538.44,8.08,99.86,0,80.0
2023-01-21,Central India,Compute,534.85,668.56,33.43,99.85,1,80.0
2023-01-22,East US,Storage,478.91,598.64,8.98,99.85,1,80.0
2023-01-23,West Europe,Compute,492.3,615.38,30.77,99.85,0,80.0
2023-01-24,Southeast Asia,Storage,443.06,553.83,8.31,99.86,0,80.0
2023-01-25,Central India,Compute,476.73,595.91,29.8,99.85,0,80.0
2023-01-26,East US,Storage,502.38,627.98,9.42,99.85,0,80.0
2023-01-27,West Europe,Compute,460.77,575.96,28.8,99.85,0,80.0
2023-01-28,Southeast Asia,Storage,516.63,645.79,9.69,99.85,1,80.0
2023-01-29,Central India,Compute,484.72,605.9,30.3,99.85,1,80.0
2023-01-30,East US,Storage,497.64,622.05,9.33,99.85,0,80.0
2023-01-31,West Europe,Compute,488.73,610.91,30.55,99.85,0,80.0
2023-02-01,Southeast Asia,Storage,576.4,720.5,10.81,99.84,0,80.0
2023-02-02,Central India,Compute,512.72,640.9,32.05,99.85,0,80.0
2023-02-03,East US,Storage,477.62,597.02,8.96,99.85,0,80.0
2023-02-04,West Europe,Compute,,680.89,,99.85,1,80.0
2023-02-05,Southeast Asia,Storage,474.3,592.88,8.89,99.85,1,80.0
2023-02-06,Central India,Compute,525.28,656.6,32.83,99.85,0,80.0
2023-02-07,East US,Storage,450.14,562.67,8.44,99.85,0,80.0
2023-02-08,West Europe,Compute,472.82,591.02,29.55,99.85,0,80.0
2023-02-09,Southeast Asia,Storage,526.61,658.26,9.87,,0,80.0
2023-02-10,Central India,Compute,545.79,682.24,34.11,99.85,0,80.0
2023-02-11,East US,Storage,525.99,657.49,9.86,99.85,1,80.0
2023-02-12,West Europe,Compute,515.82,644.78,32.24,99.85,1,80.0
2023-02-13,Southeast Asia,Storage,509.03,,9.54,99.85,0,80.0
2023-02-14,Central India,Compute,467.34,584.17,29.21,99.85,0,80.0
2023-02-15,East US,Storage,493.23,616.54,9.25,99.85,0,80.0
2023-02-16,West Europe,Compute,501.47,626.84,31.34,99.85,0,80.0
2023-02-17,Southeast Asia,Storage,553.58,691.98,10.38,99.84,0,80.0
2023-02-18,Central India,Compute,527.43,659.29,32.96,99.85,1,80.0
2023-02-19,East US,Storage,452.34,565.42,8.48,99.85,1,80.0
2023-02-20,West Europe,Compute,523.87,654.84,,99.85,0,80.0
2023-02-21,Southeast Asia,Storage,497.36,621.7,9.33,99.85,0,80.0
2023-02-22,Central India,Compute,485.29,606.61,30.33,99.85,0,80.0
2023-02-23,East US,Storage,,660.48,9.91,99.85,0,80.0
2023-02-24,West Europe,Compute,540.88,676.1,33.8,99.85,0,80.0
2023-02-25,Southeast Asia,Storage,535.07,668.84,10.03,,1,80.0
2023-02-26,Central India,Compute,470.62,588.28,29.41,99.85,1,80.0
2023-02-27,East US,Storage,486.54,608.18,9.12,99.85,0,80.0
2023-02-28,West Europe,Compute,506.18,632.72,31.64,99.85,0,80.0
2023-03-01,Southeast Asia,Storage,525.82,657.28,9.86,99.85,0,80.0
2023-03-02,Central India,Compute,,589.83,29.49,99.85,0,80.0
2023-03-03,East US,Storage,,598.69,8.98,99.85,0,80.0
2023-03-04,West Europe,Compute,443.42,554.28,27.71,,1,80.0
2023-03-05,Southeast Asia,Storage,436.84,546.05,,99.86,1,80.0
2023-03-06,Central India,Compute,503.6,629.5,31.48,99.85,0,80.0
2023-03-07,East US,Storage,518.98,648.72,9.73,99.85,0,80.0
2023-03-08,West Europe,Compute,465.22,,29.08,99.85,0,80.0
2023-03-09,Southeast Asia,Storage,499.0,623.75,9.36,99.85,0,80.0
2023-03-10,Central India,Compute,472.58,590.72,29.54,99.85,0,80.0
2023-03-11,East US,Storage,433.3,541.62,8.12,99.86,1,80.0
2023-03-12,West Europe,Compute,464.39,580.49,29.02,99.85,1,80.0
2023-03-13,Southeast Asia,Storage,501.37,626.71,9.4,99.85,0,80.0
2023-03-14,Central India,Compute,442.01,552.51,27.63,99.86,0,80.0
2023-03-15,East US,Storage,493.68,617.1,9.26,,0,80.0
2023-03-16,West Europe,Compute,342.83,428.54,21.43,99.87,0,80.0
2023-03-17,Southeast Asia,Storage,458.84,573.55,8.6,99.85,0,80.0
2023-03-18,Central India,Compute,428.62,535.78,26.79,99.86,1,80.0
2023-03-19,East US,Storage,410.58,513.22,7.7,99.86,1,80.0
2023-03-20,West Europe,Compute,419.69,524.61,26.23,99.86,0,80.0
2023-03-21,Southeast Asia,Storage,342.32,427.9,6.42,99.87,0,80.0
2023-03-22,Central India,Compute,399.59,499.49,24.97,99.86,0,80.0
2023-03-23,East US,Storage,415.16,518.95,7.78,99.86,0,80.0
2023-03-24,West Europe,Compute,449.77,562.21,28.11,99.86,0,80.0
2023-03-25,Southeast Asia,Storage,375.29,469.11,7.04,99.86,1,80.0
2023-03-26,Central India,Compute,360.52,450.65,22.53,99.86,1,80.0
2023-03-27,East US,Storage,366.66,458.33,6.87,99.86,0,80.0
2023-03-28,West Europe,Compute,411.7,514.62,,99.86,0,80.0
2023-03-29,Southeast Asia,Storage,386.63,483.29,7.25,99.86,0,80.0
2023-03-30,Central India,Compute,352.08,440.1,22.0,99.86,0,80.0
2023-03-31,East US,Storage,384.12,480.15,,99.86,0,80.0
2023-04-01,West Europe,Compute,365.15,456.44,22.82,99.86,1,80.0
2023-04-02,Southeast Asia,Storage,391.3,489.12,7.34,99.86,1,80.0
2023-04-03,Central India,Compute,328.54,410.68,20.53,99.87,0,80.0
2023-04-04,East US,Storage,337.43,421.79,6.33,99.87,0,80.0
2023-04-05,West Europe,Compute,331.03,413.79,20.69,99.87,0,80.0
2023-04-06,Southeast Asia,Storage,289.47,361.84,5.43,99.87,0,80.0
2023-04-07,Central India,Compute,347.08,433.85,21.69,99.87,0,80.0
2023-04-08,East US,Storage,341.98,427.48,6.41,99.87,1,80.0
2023-04-09,West Europe,Compute,,411.55,20.58,99.87,1,80.0
2023-04-10,Southeast Asia,Storage,317.18,396.48,5.95,99.87,0,80.0
2023-04-11,Central India,Compute,272.29,340.36,17.02,99.87,0,80.0
2023-04-12,East US,Storage,303.66,379.58,5.69,99.87,0,80.0
2023-04-13,West Europe,Compute,303.06,378.82,18.94,99.87,0,80.0
2023-04-14,Southeast Asia,Storage,283.77,354.71,5.32,99.87,0,80.0
2023-04-15,Central India,Compute,303.14,378.92,18.95,99.87,1,80.0
2023-04-16,East US,Storage,319.99,399.99,6.0,99.87,1,80.0
2023-04-17,West Europe,Compute,369.07,461.34,23.07,99.86,0,80.0
2023-04-18,Southeast Asia,Storage,306.51,383.14,5.75,99.87,0,80.0
2023-04-19,Central India,Compute,306.91,383.64,19.18,99.87,0,80.0
2023-04-20,East US,Storage,292.94,366.18,5.49,,0,80.0
2023-04-21,West Europe,Compute,226.19,282.74,14.14,99.88,0,80.0
2023-04-22,Southeast Asia,Storage,290.38,362.98,5.44,99.87,1,80.0
2023-04-23,Central India,Compute,291.54,364.42,18.22,99.87,1,80.0
2023-04-24,East US,Storage,373.93,467.41,7.01,99.86,0,80.0
2023-04-25,West Europe,Compute,279.44,,17.46,99.87,0,80.0
2023-04-26,Southeast Asia,Storage,295.35,369.19,5.54,99.87,0,80.0
2023-04-27,Central India,Compute,282.37,352.96,17.65,99.87,0,80.0
2023-04-28,East US,Storage,241.65,302.06,4.53,99.88,0,80.0
2023-04-29,West Europe,Compute,321.69,402.11,20.11,99.87,1,80.0
2023-04-30,Southeast Asia,Storage,307.32,384.15,5.76,99.87,1,80.0
2023-05-01,Central India,Compute,308.18,385.22,,,0,80.0
2023-05-02,East US,Storage,248.34,310.42,4.66,99.88,0,80.0
2023-05-03,West Europe,Compute,329.11,411.39,20.57,99.87,0,80.0
2023-05-04,Southeast Asia,Storage,230.97,288.71,4.33,99.88,0,80.0
2023-05-05,Central India,Compute,300.78,375.98,18.8,99.87,0,80.0
2023-05-06,East US,Storage,357.28,446.6,6.7,99.86,1,80.0
2023-05-07,West Europe,Compute,246.51,308.14,15.41,99.88,1,80.0
2023-05-08,Southeast Asia,Storage,262.09,,4.91,,0,80.0
2023-05-09,Central India,Compute,286.3,357.88,17.89,99.87,0,80.0
2023-05-10,East US,Storage,266.27,332.84,4.99,99.87,0,80.0
2023-05-11,West Europe,Compute,230.88,288.6,14.43,99.88,0,80.0
2023-05-12,Southeast Asia,Storage,288.97,361.21,5.42,99.87,0,80.0
2023-05-13,Central India,Compute,250.99,313.74,15.69,99.87,1,80.0
2023-05-14,East US,Storage,306.5,383.12,5.75,99.87,1,80.0
2023-05-15,West Europe,Compute,259.67,324.59,16.23,99.87,0,80.0
2023-05-16,Southeast Asia,Storage,348.18,435.22,6.53,99.87,0,80.0
2023-05-17,Central India,Compute,268.75,335.94,16.8,99.87,0,80.0
2023-05-18,East US,Storage,287.29,359.11,5.39,99.87,0,80.0
2023-05-19,West Europe,Compute,329.58,411.98,20.6,99.87,0,80.0
2023-05-20,Southeast Asia,Storage,260.71,325.89,,99.87,1,80.0
2023-05-21,Central India,Compute,314.59,,19.66,99.87,1,80.0
2023-05-22,East US,Storage,355.35,444.19,6.66,99.86,0,80.0
2023-05-23,West Europe,Compute,,320.55,16.03,99.87,0,80.0
2023-05-24,Southeast Asia,Storage,322.4,403.0,6.04,99.87,0,80.0
2023-05-25,Central India,Compute,328.39,410.49,20.52,99.87,0,80.0
2023-05-26,East US,Storage,350.14,437.67,6.57,99.86,0,80.0
2023-05-27,West Europe,Compute,283.08,353.85,17.69,99.87,1,80.0
2023-05-28,Southeast Asia,Storage,283.86,354.83,5.32,99.87,1,80.0
2023-05-29,Central India,Compute,,440.19,22.01,99.86,0,80.0
2023-05-30,East US,Storage,348.18,435.22,6.53,99.87,0,80.0
2023-05-31,West Europe,Compute,350.55,438.19,21.91,99.86,0,80.0
2023-06-01,Southeast Asia,Storage,357.99,447.49,6.71,99.86,0,80.0
2023-06-02,Central India,Compute,326.23,407.79,20.39,99.87,0,80.0
2023-06-03,East US,Storage,362.39,452.99,6.79,99.86,1,80.0
2023-06-04,West Europe,Compute,368.83,461.04,23.05,99.86,1,80.0
2023-06-05,Southeast Asia,Storage,337.93,422.41,6.34,,0,80.0
2023-06-06,Central India,Compute,432.66,540.83,27.04,99.86,0,80.0
2023-06-07,East US,Storage,388.41,485.51,7.28,99.86,0,80.0
2023-06-08,West Europe,Compute,334.65,418.31,20.92,99.87,0,80.0
2023-06-09,Southeast Asia,Storage,403.87,504.84,7.57,99.86,0,80.0
2023-06-10,Central India,Compute,351.35,439.19,21.96,99.86,1,80.0
2023-06-11,East US,Storage,417.61,522.01,7.83,99.86,1,80.0
2023-06-12,West Europe,Compute,435.22,544.03,27.2,99.86,0,80.0
2023-06-13,Southeast Asia,Storage,370.57,463.21,6.95,99.86,0,80.0
2023-06-14,Central India,Compute,437.63,547.04,27.35,99.86,0,80.0
2023-06-15,East US,Storage,422.97,528.71,7.93,99.86,0,80.0
2023-06-16,West Europe,Compute,441.9,552.38,27.62,99.86,0,80.0
2023-06-17,Southeast Asia,Storage,484.1,605.12,9.08,99.85,1,80.0
2023-06-18,Central India,Compute,,517.1,25.86,99.86,1,80.0
2023-06-19,East US,Storage,400.41,500.51,7.51,99.86,0,80.0
2023-06-20,West Europe,Compute,400.14,500.17,25.01,99.86,0,80.0
2023-06-21,Southeast Asia,Storage,407.16,508.95,7.63,99.86,0,80.0
2023-06-22,Central India,Compute,437.4,,27.34,99.86,0,80.0
2023-06-23,East US,Storage,456.36,570.45,8.56,99.85,0,80.0
2023-06-24,West Europe,Compute,458.36,572.95,28.65,99.85,1,80.0
2023-06-25,Southeast Asia,Storage,481.82,602.28,9.03,99.85,1,80.0
2023-06-26,Central India,Compute,457.43,571.79,28.59,99.85,0,80.0
2023-06-27,East US,Storage,511.87,639.84,9.6,99.85,0,80.0
2023-06-28,West Europe,Compute,455.67,569.59,28.48,99.85,0,80.0
2023-06-29,Southeast Asia,Storage,563.98,704.98,10.57,99.84,0,80.0
2023-06-30,Central India,Compute,494.4,618.0,30.9,99.85,0,80.0
2023-07-01,East US,Storage,446.13,557.66,8.36,99.86,1,80.0
2023-07-02,West Europe,Compute,442.17,552.71,27.64,99.86,1,80.0
2023-07-03,Southeast Asia,Storage,499.93,624.91,9.37,99.85,0,80.0
2023-07-04,Central India,Compute,478.5,598.12,29.91,99.85,0,80.0
2023-07-05,East US,Storage,514.45,643.06,9.65,99.85,0,80.0
2023-07-06,West Europe,Compute,509.04,636.3,31.82,99.85,0,80.0
2023-07-07,Southeast Asia,Storage,492.8,616.0,9.24,99.85,0,80.0
2023-07-08,Central India,Compute,468.45,585.56,29.28,99.85,1,80.0
2023-07-09,East US,Storage,447.66,559.58,8.39,99.86,1,80.0
2023-07-10,West Europe,Compute,487.49,609.36,,99.85,0,80.0
2023-07-11,Southeast Asia,Storage,535.38,669.22,10.04,99.85,0,80.0
2023-07-12,Central India,Compute,515.03,643.79,32.19,99.85,0,80.0
2023-07-13,East US,Storage,465.9,582.38,8.74,99.85,0,80.0
2023-07-14,West Europe,Compute,517.37,646.71,32.34,99.85,0,80.0
2023-07-15,Southeast Asia,Storage,526.44,658.05,9.87,99.85,1,80.0
2023-07-16,Central India,Compute,483.5,604.38,30.22,99.85,1,80.0
2023-07-17,East US,Storage,521.12,651.4,9.77,99.85,0,80.0
2023-07-18,West Europe,Compute,518.91,648.64,32.43,99.85,0,80.0
2023-07-19,Southeast Asia,Storage,477.83,597.29,8.96,99.85,0,80.0
2023-07-20,Central India,Compute,531.14,663.92,33.2,,0,80.0
2023-07-21,East US,Storage,538.86,673.58,10.1,99.85,0,80.0
2023-07-22,West Europe,Compute,557.57,696.96,34.85,99.84,1,80.0
2023-07-23,Southeast Asia,Storage,556.8,,10.44,,1,80.0
2023-07-24,Central India,Compute,471.78,589.72,,99.85,0,80.0
2023-07-25,East US,Storage,487.08,608.85,9.13,99.85,0,80.0
2023-07-26,West Europe,Compute,537.65,672.06,33.6,99.85,0,80.0
2023-07-27,Southeast Asia,Storage,537.15,671.44,10.07,99.85,0,80.0
2023-07-28,Central India,Compute,536.56,670.7,33.53,99.85,0,80.0
2023-07-29,East US,Storage,,815.72,12.24,99.83,1,80.0
2023-07-30,West Europe,Compute,536.73,670.91,33.55,99.85,1,80.0
2023-07-31,Southeast Asia,Storage,555.34,694.18,10.41,99.84,0,80.0
2023-08-01,Central India,Compute,547.66,684.58,,99.85,0,80.0
2023-08-02,East US,Storage,535.57,669.46,10.04,99.85,0,80.0
2023-08-03,West Europe,Compute,500.08,625.1,31.26,99.85,0,80.0
2023-08-04,Southeast Asia,Storage,535.85,669.81,10.05,99.85,0,80.0
2023-08-05,Central India,Compute,480.24,600.3,30.02,99.85,1,80.0
2023-08-06,East US,Storage,496.85,621.06,9.32,99.85,1,80.0
2023-08-07,West Europe,Compute,485.85,607.31,30.37,99.85,0,80.0
2023-08-08,Southeast Asia,Storage,503.25,629.06,9.44,99.85,0,80.0
2023-08-09,Central India,Compute,578.79,723.49,36.17,99.84,0,80.0
2023-08-10,East US,Storage,429.67,537.09,8.06,,0,80.0
2023-08-11,West Europe,Compute,516.15,645.19,32.26,99.85,0,80.0
2023-08-12,Southeast Asia,Storage,432.66,540.83,8.11,,1,80.0
2023-08-13,Central India,Compute,469.43,586.79,29.34,99.85,1,80.0
2023-08-14,East US,Storage,520.77,650.96,9.76,99.85,0,80.0
2023-08-15,West Europe,Compute,481.49,601.86,30.09,99.85,0,80.0
2023-08-16,Southeast Asia,Storage,438.0,547.5,8.21,99.86,0,80.0
2023-08-17,Central India,Compute,447.04,558.8,27.94,99.86,0,80.0
2023-08-18,East US,Storage,492.11,615.14,9.23,99.85,0,80.0
2023-08-19,West Europe,Compute,438.92,548.65,27.43,99.86,1,80.0
2023-08-20,Southeast Asia,Storage,468.11,585.14,8.78,99.85,1,80.0
2023-08-21,Central India,Compute,458.1,572.62,28.63,99.85,0,80.0
2023-08-22,East US,Storage,429.58,,8.05,99.86,0,80.0
2023-08-23,West Europe,Compute,523.23,654.04,32.7,99.85,0,80.0
2023-08-24,Southeast Asia,Storage,466.11,582.64,8.74,99.85,0,80.0
2023-08-25,Central India,Compute,368.71,460.89,23.04,99.86,0,80.0
2023-08-26,East US,Storage,441.72,552.15,8.28,99.86,1,80.0
2023-08-27,West Europe,Compute,407.59,509.49,25.47,99.86,1,80.0
2023-08-28,Southeast Asia,Storage,,570.12,8.55,99.85,0,80.0
2023-08-29,Central India,Compute,394.0,492.5,24.62,99.86,0,80.0
2023-08-30,East US,Storage,413.16,516.45,7.75,99.86,0,80.0
2023-08-31,West Europe,Compute,,537.84,26.89,99.86,0,80.0
2023-09-01,Southeast Asia,Storage,438.29,547.86,8.22,99.86,0,80.0
2023-09-02,Central India,Compute,361.36,451.7,22.59,99.86,1,80.0
2023-09-03,East US,Storage,387.05,483.81,7.26,99.86,1,80.0
2023-09-04,West Europe,Compute,377.51,471.89,23.59,99.86,0,80.0
2023-09-05,Southeast Asia,Storage,366.66,458.33,6.87,99.86,0,80.0
2023-09-06,Central India,Compute,446.72,558.4,27.92,,0,80.0
2023-09-07,East US,Storage,394.53,493.16,7.4,99.86,0,80.0
2023-09-08,West Europe,Compute,331.68,414.6,20.73,99.87,0,80.0
2023-09-09,Southeast Asia,Storage,403.43,504.29,7.56,99.86,1,80.0
2023-09-10,Central India,Compute,441.12,551.4,27.57,99.86,1,80.0
2023-09-11,East US,Storage,398.56,498.2,7.47,99.86,0,80.0
2023-09-12,West Europe,Compute,304.89,381.11,19.06,99.87,0,80.0
2023-09-13,Southeast Asia,Storage,336.82,421.02,6.32,99.87,0,80.0
2023-09-14,Central India,Compute,393.88,492.35,24.62,99.86,0,80.0
2023-09-15,East US,Storage,320.62,400.78,6.01,99.87,0,80.0
2023-09-16,West Europe,Compute,356.84,446.05,22.3,99.86,1,80.0
2023-09-17,Southeast Asia,Storage,364.44,455.55,6.83,99.86,1,80.0
2023-09-18,Central India,Compute,300.99,376.24,18.81,99.87,0,80.0
2023-09-19,East US,Storage,327.55,409.44,6.14,99.87,0,80.0
2023-09-20,West Europe,Compute,212.5,265.62,13.28,99.88,0,80.0
2023-09-21,Southeast Asia,Storage,286.51,358.14,5.37,99.87,0,80.0
2023-09-22,Central India,Compute,310.06,387.58,19.38,99.87,0,80.0
2023-09-23,East US,Storage,271.88,339.85,5.1,99.87,1,80.0
2023-09-24,West Europe,Compute,369.47,461.84,23.09,99.86,1,80.0
2023-09-25,Southeast Asia,Storage,259.19,323.99,4.86,99.87,0,80.0
2023-09-26,Central India,Compute,290.89,363.61,18.18,99.87,0,80.0
2023-09-27,East US,Storage,308.05,385.06,5.78,99.87,0,80.0
2023-09-28,West Europe,Compute,351.24,439.05,21.95,99.86,0,80.0
2023-09-29,Southeast Asia,Storage,248.02,310.03,4.65,,0,80.0
2023-09-30,Central India,Compute,336.61,420.76,21.04,99.87,1,80.0
2023-10-01,East US,Storage,294.04,367.55,5.51,99.87,1,80.0
2023-10-02,West Europe,Compute,257.26,321.58,16.08,99.87,0,80.0
2023-10-03,Southeast Asia,Storage,305.88,382.35,5.74,99.87,0,80.0
2023-10-04,Central India,Compute,294.94,368.68,18.43,,0,80.0
2023-10-05,East US,Storage,265.39,331.74,4.98,99.87,0,80.0
2023-10-06,West Europe,Compute,287.44,359.3,17.96,99.87,0,80.0
2023-10-07,Southeast Asia,Storage,270.28,337.85,5.07,99.87,1,80.0
2023-10-08,Central India,Compute,286.67,358.34,17.92,99.87,1,80.0
2023-10-09,East US,Storage,304.99,381.24,5.72,99.87,0,80.0
2023-10-10,West Europe,Compute,336.61,420.76,21.04,,0,80.0
2023-10-11,Southeast Asia,Storage,237.24,296.55,4.45,99.88,0,80.0
2023-10-12,Central India,Compute,354.86,443.58,22.18,99.86,0,80.0
2023-10-13,East US,Storage,,,3.97,99.88,0,80.0
2023-10-14,West Europe,Compute,274.71,,17.17,99.87,1,80.0
2023-10-15,Southeast Asia,Storage,300.79,375.99,5.64,99.87,1,80.0
2023-10-16,Central India,Compute,290.38,362.98,18.15,99.87,0,80.0
2023-10-17,East US,Storage,259.28,324.1,4.86,99.87,0,80.0
2023-10-18,West Europe,Compute,274.5,343.12,17.16,99.87,0,80.0
2023-10-19,Southeast Asia,Storage,265.41,331.76,4.98,99.87,0,80.0
2023-10-20,Central India,Compute,263.09,328.86,16.44,99.87,0,80.0
2023-10-21,East US,Storage,314.68,393.35,5.9,99.87,1,80.0
2023-10-22,West Europe,Compute,298.84,373.55,18.68,99.87,1,80.0
2023-10-23,Southeast Asia,Storage,263.66,329.58,4.94,99.87,0,80.0
2023-10-24,Central India,Compute,321.13,401.41,20.07,99.87,0,80.0
2023-10-25,East US,Storage,302.3,377.88,5.67,99.87,0,80.0
2023-10-26,West Europe,Compute,322.05,402.56,20.13,99.87,0,80.0
2023-10-27,Southeast Asia,Storage,317.85,397.31,5.96,99.87,0,80.0
2023-10-28,Central India,Compute,269.17,336.46,16.82,99.87,1,80.0
2023-10-29,East US,Storage,281.1,351.38,5.27,99.87,1,80.0
2023-10-30,West Europe,Compute,329.53,411.91,20.6,99.87,0,80.0
2023-10-31,Southeast Asia,Storage,327.55,409.44,6.14,99.87,0,80.0
2023-11-01,Central India,Compute,308.4,385.5,19.28,,0,80.0
2023-11-02,East US,Storage,316.32,395.4,,99.87,0,80.0
2023-11-03,West Europe,Compute,360.15,450.19,22.51,99.86,0,80.0
2023-11-04,Southeast Asia,Storage,298.07,372.59,5.59,99.87,1,80.0
2023-11-05,Central India,Compute,341.38,426.72,21.34,99.87,1,80.0
2023-11-06,East US,Storage,318.73,398.41,5.98,99.87,0,80.0
2023-11-07,West Europe,Compute,321.88,402.35,20.12,99.87,0,80.0
2023-11-08,Southeast Asia,Storage,371.75,464.69,6.97,99.86,0,80.0
2023-11-09,Central India,Compute,366.07,457.59,22.88,99.86,0,80.0
2023-11-10,East US,Storage,369.63,462.04,6.93,99.86,0,80.0
2023-11-11,West Europe,Compute,390.92,488.65,24.43,99.86,1,80.0
2023-11-12,Southeast Asia,Storage,350.12,437.65,6.56,99.86,1,80.0
2023-11-13,Central India,Compute,377.48,471.85,23.59,99.86,0,80.0
2023-11-14,East US,Storage,347.05,433.81,6.51,99.87,0,80.0
2023-11-15,West Europe,Compute,373.61,467.01,23.35,99.86,0,80.0
2023-11-16,Southeast Asia,Storage,362.12,452.65,6.79,,0,80.0
2023-11-17,Central India,Compute,374.54,468.18,23.41,99.86,0,80.0
2023-11-18,East US,Storage,396.48,495.6,7.43,99.86,1,80.0
2023-11-19,West Europe,Compute,351.55,439.44,21.97,99.86,1,80.0
2023-11-20,Southeast Asia,Storage,457.99,572.49,8.59,99.85,0,80.0
2023-11-21,Central India,Compute,354.14,442.67,22.13,99.86,0,80.0
2023-11-22,East US,Storage,351.47,439.34,6.59,99.86,0,80.0
2023-11-23,West Europe,Compute,439.12,548.9,27.44,99.86,0,80.0
2023-11-24,Southeast Asia,Storage,430.91,538.64,8.08,99.86,0,80.0
2023-11-25,Central India,Compute,429.66,537.08,,99.86,1,80.0
2023-11-26,East US,Storage,434.42,543.02,8.15,99.86,1,80.0
2023-11-27,West Europe,Compute,416.58,520.72,26.04,99.86,0,80.0
2023-11-28,Southeast Asia,Storage,390.17,487.71,7.32,99.86,0,80.0
2023-11-29,Central India,Compute,428.75,535.94,26.8,99.86,0,80.0
2023-11-30,East US,Storage,406.89,508.61,7.63,99.86,0,80.0
2023-12-01,West Europe,Compute,469.16,586.45,29.32,99.85,0,80.0
2023-12-02,Southeast Asia,Storage,434.28,542.85,8.14,99.86,1,80.0
2023-12-03,Central India,Compute,414.87,518.59,25.93,99.86,1,80.0
2023-12-04,East US,Storage,436.78,545.97,8.19,99.86,0,80.0
2023-12-05,West Europe,Compute,466.68,583.35,29.17,99.85,0,80.0
2023-12-06,Southeast Asia,Storage,436.62,545.78,8.19,99.86,0,80.0
2023-12-07,Central India,Compute,431.61,539.51,26.98,99.86,0,80.0
2023-12-08,East US,Storage,472.87,591.09,8.87,99.85,0,80.0
2023-12-09,West Europe,Compute,476.76,595.95,29.8,99.85,1,80.0
2023-12-10,Southeast Asia,Storage,454.2,567.75,8.52,99.85,1,80.0
2023-12-11,Central India,Compute,459.1,573.88,28.69,99.85,0,80.0
2023-12-12,East US,Storage,487.24,609.05,9.14,99.85,0,80.0
2023-12-13,West Europe,Compute,431.85,539.81,26.99,99.86,0,80.0
2023-12-14,Southeast Asia,Storage,436.56,545.7,8.19,99.86,0,80.0
2023-12-15,Central India,Compute,463.84,579.8,28.99,99.85,0,80.0
2023-12-16,East US,Storage,484.55,605.69,9.09,99.85,1,80.0
2023-12-17,West Europe,Compute,505.8,632.25,31.61,99.85,1,80.0
2023-12-18,Southeast Asia,Storage,549.31,686.64,10.3,99.85,0,80.0
2023-12-19,Central India,Compute,,662.89,33.14,99.85,0,80.0
2023-12-20,East US,Storage,497.15,621.44,9.32,99.85,0,80.0
2023-12-21,West Europe,Compute,504.4,630.5,31.52,99.85,0,80.0
2023-12-22,Southeast Asia,Storage,472.13,590.16,8.85,99.85,0,80.0
2023-12-23,Central India,Compute,508.56,635.7,31.79,99.85,1,80.0
2023-12-24,East US,Storage,500.94,626.17,9.39,99.85,1,80.0
2023-12-25,West Europe,Compute,524.01,655.01,32.75,99.85,0,80.0
2023-12-26,Southeast Asia,Storage,485.26,606.58,9.1,99.85,0,80.0
2023-12-27,Central India,Compute,533.73,667.16,33.36,99.85,0,80.0
2023-12-28,East US,Storage,570.36,712.95,10.69,99.84,0,80.0
2023-12-29,West Europe,Compute,513.89,,32.12,99.85,0,80.0
2023-12-30,Southeast Asia,Storage,532.57,665.71,9.99,99.85,1,80.0
2023-12-31,Central India,Compute,543.3,679.12,33.96,99.85,1,80.0
2024-01-01,East US,Storage,505.57,631.96,9.48,99.85,0,80.0
2024-01-02,West Europe,Compute,527.74,659.68,32.98,99.85,0,80.0
2024-01-03,Southeast Asia,Storage,520.44,650.55,9.76,99.85,0,80.0
2024-01-04,Central India,Compute,523.35,654.19,32.71,99.85,0,80.0
2024-01-05,East US,Storage,492.62,615.78,9.24,99.85,0,80.0
2024-01-06,West Europe,Compute,520.11,650.14,32.51,99.85,1,80.0
2024-01-07,Southeast Asia,Storage,536.08,670.1,10.05,99.85,1,80.0
2024-01-08,Central India,Compute,568.66,710.82,,99.84,0,80.0
2024-01-09,East US,Storage,550.49,688.11,10.32,,0,80.0
2024-01-10,West Europe,Compute,591.14,738.92,36.95,99.84,0,80.0
2024-01-11,Southeast Asia,Storage,487.63,609.54,9.14,99.85,0,80.0
2024-01-12,Central India,Compute,543.54,679.42,33.97,99.85,0,80.0
2024-01-13,East US,Storage,517.79,647.24,9.71,99.85,1,80.0
2024-01-14,West Europe,Compute,586.22,732.78,36.64,99.84,1,80.0
2024-01-15,Southeast Asia,Storage,479.32,599.15,8.99,99.85,0,80.0
2024-01-16,Central India,Compute,476.09,595.11,29.76,99.85,0,80.0
2024-01-17,East US,Storage,482.22,602.78,9.04,99.85,0,80.0
2024-01-18,West Europe,Compute,426.43,533.04,26.65,99.86,0,80.0
2024-01-19,Southeast Asia,Storage,479.78,599.72,9.0,99.85,0,80.0
2024-01-20,Central India,Compute,468.89,586.11,29.31,99.85,1,80.0
2024-01-21,East US,Storage,,622.31,,99.85,1,80.0
2024-01-22,West Europe,Compute,501.54,626.93,31.35,99.85,0,80.0
2024-01-23,Southeast Asia,Storage,552.1,690.12,10.35,99.84,0,80.0
2024-01-24,Central India,Compute,516.43,,32.28,99.85,0,80.0
2024-01-25,East US,Storage,459.58,574.48,8.62,99.85,0,80.0
2024-01-26,West Europe,Compute,444.82,556.02,27.8,99.86,0,80.0
2024-01-27,Southeast Asia,Storage,489.86,612.33,9.18,99.85,1,80.0
2024-01-28,Central India,Compute,422.7,528.38,26.42,99.86,1,80.0
2024-01-29,East US,Storage,529.18,661.47,9.92,,0,80.0
2024-01-30,West Europe,Compute,502.43,628.04,31.4,99.85,0,80.0
2024-01-31,Southeast Asia,Storage,440.7,550.88,8.26,99.86,0,80.0
2024-02-01,Central India,Compute,393.06,491.32,24.57,99.86,0,80.0
2024-02-02,East US,Storage,496.22,620.28,9.3,99.85,0,80.0
2024-02-03,West Europe,Compute,440.57,550.71,27.54,99.86,1,80.0
2024-02-04,Southeast Asia,Storage,483.58,604.48,9.07,99.85,1,80.0
2024-02-05,Central India,Compute,380.07,475.09,23.75,99.86,0,80.0
2024-02-06,East US,Storage,410.46,513.07,7.7,99.86,0,80.0
2024-02-07,West Europe,Compute,427.14,533.92,26.7,99.86,0,80.0
2024-02-08,Southeast Asia,Storage,424.08,530.1,7.95,,0,80.0
2024-02-09,Central India,Compute,402.13,502.66,25.13,99.86,0,80.0
2024-02-10,East US,Storage,435.1,543.88,8.16,99.86,1,80.0
2024-02-11,West Europe,Compute,371.33,464.16,23.21,99.86,1,80.0
2024-02-12,Southeast Asia,Storage,399.1,498.88,7.48,99.86,0,80.0
2024-02-13,Central India,Compute,403.67,504.59,25.23,99.86,0,80.0
2024-02-14,East US,Storage,412.85,516.06,7.74,99.86,0,80.0
2024-02-15,West Europe,Compute,415.14,518.92,25.95,99.86,0,80.0
2024-02-16,Southeast Asia,Storage,346.27,432.84,6.49,99.87,0,80.0
2024-02-17,Central India,Compute,327.36,409.2,20.46,99.87,1,80.0
2024-02-18,East US,Storage,421.23,526.54,7.9,99.86,1,80.0
2024-02-19,West Europe,Compute,383.63,479.54,23.98,99.86,0,80.0
2024-02-20,Southeast Asia,Storage,341.33,426.66,,99.87,0,80.0
2024-02-21,Central India,Compute,417.39,521.74,26.09,,0,80.0
2024-02-22,East US,Storage,362.78,453.48,6.8,99.86,0,80.0
2024-02-23,West Europe,Compute,395.7,494.62,24.73,99.86,0,80.0
2024-02-24,Southeast Asia,Storage,352.55,440.69,6.61,99.86,1,80.0
2024-02-25,Central India,Compute,418.14,522.67,26.13,99.86,1,80.0
2024-02-26,East US,Storage,403.37,504.21,7.56,99.86,0,80.0
2024-02-27,West Europe,Compute,329.22,411.52,20.58,99.87,0,80.0
2024-02-28,Southeast Asia,Storage,368.03,460.04,6.9,99.86,0,80.0
2024-02-29,Central India,Compute,352.8,441.0,22.05,99.86,0,80.0
2024-03-01,East US,Storage,374.41,,7.02,,0,80.0
2024-03-02,West Europe,Compute,289.13,361.41,18.07,99.87,1,80.0
2024-03-03,Southeast Asia,Storage,343.43,429.29,6.44,99.87,1,80.0
2024-03-04,Central India,Compute,353.1,441.38,22.07,99.86,0,80.0
2024-03-05,East US,Storage,251.26,314.08,4.71,99.87,0,80.0
2024-03-06,West Europe,Compute,268.3,335.38,16.77,99.87,0,80.0
2024-03-07,Southeast Asia,Storage,235.36,294.2,4.41,99.88,0,80.0
2024-03-08,Central India,Compute,294.47,368.09,18.4,99.87,0,80.0
2024-03-09,East US,Storage,326.31,407.89,6.12,99.87,1,80.0
2024-03-10,West Europe,Compute,351.23,439.04,21.95,99.86,1,80.0
2024-03-11,Southeast Asia,Storage,298.85,373.56,5.6,99.87,0,80.0
2024-03-12,Central India,Compute,351.01,438.76,21.94,99.86,0,80.0
2024-03-13,East US,Storage,243.62,304.52,4.57,99.88,0,80.0
2024-03-14,West Europe,Compute,230.37,287.96,14.4,99.88,0,80.0
2024-03-15,Southeast Asia,Storage,286.28,357.85,5.37,99.87,0,80.0
2024-03-16,Central India,Compute,300.07,375.09,18.75,99.87,1,80.0
2024-03-17,East US,Storage,284.06,355.08,5.33,99.87,1,80.0
2024-03-18,West Europe,Compute,211.58,264.48,13.22,,0,80.0
2024-03-19,Southeast Asia,Storage,279.73,349.66,,99.87,0,80.0
2024-03-20,Central India,Compute,236.28,295.35,14.77,99.88,0,80.0
2024-03-21,East US,Storage,304.64,380.8,5.71,99.87,0,80.0
2024-03-22,West Europe,Compute,293.47,366.84,18.34,99.87,0,80.0
2024-03-23,Southeast Asia,Storage,247.35,309.19,4.64,99.88,1,80.0
2024-03-24,Central India,Compute,262.05,327.56,,99.87,1,80.0
2024-03-25,East US,Storage,242.94,303.68,4.56,99.88,0,80.0
2024-03-26,West Europe,Compute,277.96,347.45,17.37,99.87,0,80.0
2024-03-27,Southeast Asia,Storage,313.91,,5.89,99.87,0,80.0
2024-03-28,Central India,Compute,246.48,308.1,15.4,99.88,0,80.0
2024-03-29,East US,Storage,299.3,374.12,5.61,99.87,0,80.0
2024-03-30,West Europe,Compute,263.96,329.95,16.5,,1,80.0
2024-03-31,Southeast Asia,Storage,,319.75,4.8,99.87,1,80.0
2024-04-01,Central India,Compute,281.0,351.25,17.56,99.87,0,80.0
2024-04-02,East US,Storage,249.89,312.36,4.69,99.88,0,80.0
2024-04-03,West Europe,Compute,268.28,335.35,16.77,99.87,0,80.0
2024-04-04,Southeast Asia,Storage,247.44,309.3,4.64,99.88,0,80.0
2024-04-05,Central India,Compute,360.0,450.0,22.5,99.86,0,80.0
2024-04-06,East US,Storage,294.51,368.14,5.52,99.87,1,80.0
2024-04-07,West Europe,Compute,270.97,338.71,16.94,99.87,1,80.0
2024-04-08,Southeast Asia,Storage,305.3,381.62,5.72,99.87,0,80.0
2024-04-09,Central India,Compute,296.38,370.48,18.52,99.87,0,80.0
2024-04-10,East US,Storage,295.22,369.02,5.54,99.87,0,80.0
2024-04-11,West Europe,Compute,327.24,409.05,20.45,99.87,0,80.0
2024-04-12,Southeast Asia,Storage,335.18,418.98,6.28,99.87,0,80.0
2024-04-13,Central India,Compute,293.17,366.46,18.32,,1,80.0
2024-04-14,East US,Storage,294.78,368.48,5.53,99.87,1,80.0
2024-04-15,West Europe,Compute,308.63,385.79,19.29,99.87,0,80.0
2024-04-16,Southeast Asia,Storage,241.13,301.41,4.52,99.88,0,80.0
2024-04-17,Central India,Compute,272.22,340.28,17.01,99.87,0,80.0
2024-04-18,East US,Storage,376.77,470.96,7.06,99.86,0,80.0
2024-04-19,West Europe,Compute,390.27,487.84,24.39,99.86,0,80.0
2024-04-20,Southeast Asia,Storage,327.86,409.83,6.15,99.87,1,80.0
2024-04-21,Central India,Compute,360.72,450.9,22.54,99.86,1,80.0
2024-04-22,East US,Storage,355.5,444.38,6.67,99.86,0,80.0
2024-04-23,West Europe,Compute,456.5,570.62,28.53,99.85,0,80.0
2024-04-24,Southeast Asia,Storage,392.14,490.17,7.35,99.86,0,80.0
2024-04-25,Central India,Compute,352.77,440.96,22.05,99.86,0,80.0
2024-04-26,East US,Storage,328.15,410.19,6.15,99.87,0,80.0
2024-04-27,West Europe,Compute,,387.21,19.36,99.87,1,80.0
2024-04-28,Southeast Asia,Storage,377.57,471.96,7.08,99.86,1,80.0
2024-04-29,Central India,Compute,348.48,435.6,21.78,99.87,0,80.0
2024-04-30,East US,Storage,329.71,412.14,6.18,99.87,0,80.0
2024-05-01,West Europe,Compute,361.43,451.79,22.59,99.86,0,80.0
2024-05-02,Southeast Asia,Storage,350.79,438.49,6.58,99.86,0,80.0
2024-05-03,Central India,Compute,452.31,565.39,28.27,99.85,0,80.0
2024-05-04,East US,Storage,428.73,535.91,8.04,99.86,1,80.0
2024-05-05,West Europe,Compute,402.22,502.78,25.14,99.86,1,80.0
2024-05-06,Southeast Asia,Storage,458.91,,8.6,99.85,0,80.0
2024-05-07,Central India,Compute,,518.04,25.9,99.86,0,80.0
2024-05-08,East US,Storage,386.16,482.7,7.24,99.86,0,80.0
2024-05-09,West Europe,Compute,474.18,592.72,29.64,99.85,0,80.0
2024-05-10,Southeast Asia,Storage,444.27,555.34,8.33,99.86,0,80.0
2024-05-11,Central India,Compute,393.6,492.0,24.6,99.86,1,80.0
2024-05-12,East US,Storage,427.69,534.61,8.02,99.86,1,80.0
2024-05-13,West Europe,Compute,408.11,,25.51,99.86,0,80.0
2024-05-14,Southeast Asia,Storage,,493.38,7.4,99.86,0,80.0
2024-05-15,Central India,Compute,479.8,599.75,29.99,99.85,0,80.0
2024-05-16,East US,Storage,518.42,648.02,9.72,99.85,0,80.0
2024-05-17,West Europe,Compute,406.77,508.46,25.42,99.86,0,80.0
2024-05-18,Southeast Asia,Storage,479.48,599.35,8.99,99.85,1,80.0
2024-05-19,Central India,Compute,440.96,551.2,27.56,99.86,1,80.0
2024-05-20,East US,Storage,450.55,563.19,8.45,99.85,0,80.0
2024-05-21,West Europe,Compute,450.64,563.3,28.16,99.85,0,80.0
2024-05-22,Southeast Asia,Storage,444.79,555.99,8.34,99.86,0,80.0
2024-05-23,Central India,Compute,480.28,600.35,30.02,99.85,0,80.0
2024-05-24,East US,Storage,452.93,566.16,8.49,99.85,0,80.0
2024-05-25,West Europe,Compute,494.79,618.49,30.92,99.85,1,80.0
2024-05-26,Southeast Asia,Storage,486.75,608.44,9.13,99.85,1,80.0
2024-05-27,Central India,Compute,483.2,604.0,30.2,99.85,0,80.0
2024-05-28,East US,Storage,462.72,578.4,8.68,99.85,0,80.0
2024-05-29,West Europe,Compute,477.08,596.35,29.82,99.85,0,80.0
2024-05-30,Southeast Asia,Storage,526.34,657.92,9.87,99.85,0,80.0
2024-05-31,Central India,Compute,519.92,649.9,32.49,99.85,0,80.0
2024-06-01,East US,Storage,470.5,588.12,8.82,99.85,1,80.0
2024-06-02,West Europe,Compute,510.37,637.96,31.9,99.85,1,80.0
2024-06-03,Southeast Asia,Storage,535.21,669.01,10.04,99.85,0,80.0
2024-06-04,Central India,Compute,452.35,565.44,28.27,99.85,0,80.0
2024-06-05,East US,Storage,531.49,664.36,9.97,99.85,0,80.0
2024-06-06,West Europe,Compute,490.8,613.5,30.68,99.85,0,80.0
2024-06-07,Southeast Asia,Storage,535.33,669.16,10.04,99.85,0,80.0
2024-06-08,Central India,Compute,489.83,612.29,30.61,99.85,1,80.0
2024-06-09,East US,Storage,454.39,567.99,8.52,99.85,1,80.0
2024-06-10,West Europe,Compute,461.43,576.79,28.84,99.85,0,80.0
2024-06-11,Southeast Asia,Storage,520.75,650.94,9.76,,0,80.0
2024-06-12,Central India,Compute,528.64,660.8,33.04,99.85,0,80.0
2024-06-13,East US,Storage,488.21,610.26,9.15,99.85,0,80.0
2024-06-14,West Europe,Compute,542.35,677.94,33.9,99.85,0,80.0
2024-06-15,Southeast Asia,Storage,461.8,577.25,8.66,99.85,1,80.0
2024-06-16,Central India,Compute,,646.76,32.34,99.85,1,80.0
2024-06-17,East US,Storage,476.94,596.17,8.94,99.85,0,80.0
2024-06-18,West Europe,Compute,495.94,619.92,31.0,99.85,0,80.0
2024-06-19,Southeast Asia,Storage,519.66,649.57,9.74,99.85,0,80.0
2024-06-20,Central India,Compute,486.95,608.69,30.43,99.85,0,80.0
2024-06-21,East US,Storage,502.51,628.14,9.42,99.85,0,80.0
2024-06-22,West Europe,Compute,549.91,687.39,34.37,99.85,1,80.0
2024-06-23,Southeast Asia,Storage,493.06,616.33,9.24,99.85,1,80.0
2024-06-24,Central India,Compute,540.89,676.11,33.81,99.85,0,80.0
2024-06-25,East US,Storage,470.32,587.9,8.82,99.85,0,80.0
2024-06-26,West Europe,Compute,526.46,658.08,32.9,99.85,0,80.0
2024-06-27,Southeast Asia,Storage,556.27,695.34,10.43,99.84,0,80.0
2024-06-28,Central India,Compute,417.05,521.31,26.07,99.86,0,80.0
2024-06-29,East US,Storage,473.26,591.58,8.87,99.85,1,80.0
2024-06-30,West Europe,Compute,518.79,648.49,32.42,99.85,1,80.0
2024-07-01,Southeast Asia,Storage,488.78,610.97,9.16,99.85,0,80.0
2024-07-02,Central India,Compute,506.02,632.52,31.63,99.85,0,80.0
2024-07-03,East US,Storage,468.91,586.14,8.79,99.85,0,80.0
2024-07-04,West Europe,Compute,489.96,,30.62,99.85,0,80.0
2024-07-05,Southeast Asia,Storage,478.23,597.79,8.97,99.85,0,80.0
2024-07-06,Central India,Compute,521.18,651.47,32.57,99.85,1,80.0
2024-07-07,East US,Storage,485.72,607.15,9.11,99.85,1,80.0
2024-07-08,West Europe,Compute,485.02,606.28,30.31,99.85,0,80.0
2024-07-09,Southeast Asia,Storage,455.07,568.84,8.53,99.85,0,80.0
2024-07-10,Central India,Compute,448.6,560.75,28.04,99.86,0,80.0
2024-07-11,East US,Storage,446.62,558.28,8.37,99.86,0,80.0
2024-07-12,West Europe,Compute,471.55,589.44,29.47,99.85,0,80.0
2024-07-13,Southeast Asia,Storage,438.92,548.65,8.23,99.86,1,80.0
2024-07-14,Central India,Compute,459.62,574.52,28.73,99.85,1,80.0
2024-07-15,East US,Storage,517.88,647.35,9.71,99.85,0,80.0
2024-07-16,West Europe,Compute,471.41,589.26,29.46,99.85,0,80.0
2024-07-17,Southeast Asia,Storage,425.14,,7.97,99.86,0,80.0
2024-07-18,Central India,Compute,474.17,592.71,29.64,99.85,0,80.0
2024-07-19,East US,Storage,413.36,516.7,7.75,,0,80.0
2024-07-20,West Europe,Compute,351.8,439.75,21.99,99.86,1,80.0
2024-07-21,Southeast Asia,Storage,383.3,479.12,7.19,99.86,1,80.0
2024-07-22,Central India,Compute,348.52,435.65,21.78,99.87,0,80.0
2024-07-23,East US,Storage,397.1,496.38,7.45,99.86,0,80.0
2024-07-24,West Europe,Compute,405.43,506.79,25.34,99.86,0,80.0
2024-07-25,Southeast Asia,Storage,,573.56,8.6,99.85,0,80.0
2024-07-26,Central India,Compute,406.99,508.74,25.44,99.86,0,80.0
2024-07-27,East US,Storage,383.27,479.09,7.19,99.86,1,80.0
2024-07-28,West Europe,Compute,415.37,519.21,25.96,99.86,1,80.0
2024-07-29,Southeast Asia,Storage,304.37,,5.71,99.87,0,80.0
2024-07-30,Central India,Compute,385.45,481.81,,99.86,0,80.0
2024-07-31,East US,Storage,399.66,499.58,7.49,99.86,0,80.0
2024-08-01,West Europe,Compute,316.45,395.56,19.78,99.87,0,80.0
2024-08-02,Southeast Asia,Storage,403.81,504.76,7.57,99.86,0,80.0
2024-08-03,Central India,Compute,371.24,464.05,23.2,99.86,1,80.0
2024-08-04,East US,Storage,340.54,425.68,6.39,99.87,1,80.0
2024-08-05,West Europe,Compute,372.97,466.21,23.31,99.86,0,80.0
2024-08-06,Southeast Asia,Storage,426.12,532.65,7.99,99.86,0,80.0
2024-08-07,Central India,Compute,348.92,,21.81,99.87,0,80.0
2024-08-08,East US,Storage,347.22,434.02,6.51,99.87,0,80.0
2024-08-09,West Europe,Compute,318.54,398.18,19.91,99.87,0,80.0
2024-08-10,Southeast Asia,Storage,301.04,376.3,5.64,99.87,1,80.0
2024-08-11,Central India,Compute,356.13,,22.26,99.86,1,80.0
2024-08-12,East US,Storage,293.49,366.86,,99.87,0,80.0
2024-08-13,West Europe,Compute,322.45,403.06,20.15,99.87,0,80.0
2024-08-14,Southeast Asia,Storage,299.85,374.81,5.62,99.87,0,80.0
2024-08-15,Central India,Compute,330.07,412.59,20.63,99.87,0,80.0
2024-08-16,East US,Storage,321.86,402.33,6.03,99.87,0,80.0
2024-08-17,West Europe,Compute,343.49,429.36,21.47,99.87,1,80.0
2024-08-18,Southeast Asia,Storage,286.47,358.09,5.37,99.87,1,80.0
2024-08-19,Central India,Compute,292.16,365.2,18.26,99.87,0,80.0
2024-08-20,East US,Storage,264.78,330.98,4.96,99.87,0,80.0
2024-08-21,West Europe,Compute,281.06,351.32,17.57,99.87,0,80.0
2024-08-22,Southeast Asia,Storage,307.55,384.44,5.77,99.87,0,80.0
2024-08-23,Central India,Compute,318.72,398.4,19.92,99.87,0,80.0
2024-08-24,East US,Storage,258.0,322.5,4.84,99.87,1,80.0
2024-08-25,West Europe,Compute,318.92,398.65,19.93,99.87,1,80.0
2024-08-26,Southeast Asia,Storage,334.31,417.89,6.27,99.87,0,80.0
2024-08-27,Central India,Compute,299.88,374.85,18.74,99.87,0,80.0
2024-08-28,East US,Storage,,437.26,6.56,99.87,0,80.0
2024-08-29,West Europe,Compute,255.92,319.9,16.0,99.87,0,80.0
2024-08-30,Southeast Asia,Storage,238.5,298.12,4.47,99.88,0,80.0
2024-08-31,Central India,Compute,219.04,273.8,13.69,99.88,1,80.0
2024-09-01,East US,Storage,,416.34,6.25,99.87,1,80.0
2024-09-02,West Europe,Compute,303.2,379.0,18.95,99.87,0,80.0
2024-09-03,Southeast Asia,Storage,278.12,347.65,5.21,99.87,0,80.0
2024-09-04,Central India,Compute,289.8,362.25,18.11,99.87,0,80.0
2024-09-05,East US,Storage,240.73,300.91,4.51,99.88,0,80.0
2024-09-06,West Europe,Compute,366.02,457.52,22.88,99.86,0,80.0
2024-09-07,Southeast Asia,Storage,285.42,356.78,5.35,99.87,1,80.0
2024-09-08,Central India,Compute,285.38,356.72,17.84,99.87,1,80.0
2024-09-09,East US,Storage,307.78,,5.77,99.87,0,80.0
2024-09-10,West Europe,Compute,,375.26,18.76,99.87,0,80.0
2024-09-11,Southeast Asia,Storage,292.39,365.49,5.48,99.87,0,80.0
2024-09-12,Central India,Compute,258.23,322.79,16.14,99.87,0,80.0
2024-09-13,East US,Storage,303.91,379.89,5.7,99.87,0,80.0
2024-09-14,West Europe,Compute,354.97,443.71,22.19,99.86,1,80.0
2024-09-15,Southeast Asia,Storage,338.03,422.54,6.34,99.87,1,80.0
2024-09-16,Central India,Compute,348.71,435.89,21.79,99.87,0,80.0
2024-09-17,East US,Storage,277.22,346.52,5.2,99.87,0,80.0
2024-09-18,West Europe,Compute,262.8,328.5,16.42,99.87,0,80.0
2024-09-19,Southeast Asia,Storage,295.51,369.39,5.54,99.87,0,80.0
2024-09-20,Central India,Compute,304.49,380.61,19.03,99.87,0,80.0
2024-09-21,East US,Storage,343.6,429.5,6.44,99.87,1,80.0
2024-09-22,West Europe,Compute,248.98,311.22,15.56,99.88,1,80.0
2024-09-23,Southeast Asia,Storage,364.79,455.99,6.84,99.86,0,80.0
2024-09-24,Central India,Compute,308.9,386.12,19.31,99.87,0,80.0
2024-09-25,East US,Storage,302.8,378.5,5.68,99.87,0,80.0
2024-09-26,West Europe,Compute,285.74,357.18,17.86,99.87,0,80.0
2024-09-27,Southeast Asia,Storage,266.78,333.48,5.0,99.87,0,80.0
2024-09-28,Central India,Compute,357.17,446.46,22.32,99.86,1,80.0
2024-09-29,East US,Storage,334.68,418.35,6.28,99.87,1,80.0
2024-09-30,West Europe,Compute,290.83,363.54,18.18,99.87,0,80.0
2024-10-01,Southeast Asia,Storage,294.6,368.25,5.52,99.87,0,80.0
2024-10-02,Central India,Compute,332.22,,20.76,99.87,0,80.0
2024-10-03,East US,Storage,406.52,508.15,7.62,99.86,0,80.0
2024-10-04,West Europe,Compute,343.22,429.02,21.45,99.87,0,80.0
2024-10-05,Southeast Asia,Storage,303.97,379.96,5.7,99.87,1,80.0
2024-10-06,Central India,Compute,352.32,440.4,,99.86,1,80.0
2024-10-07,East US,Storage,355.77,444.71,6.67,99.86,0,80.0
2024-10-08,West Europe,Compute,275.38,344.22,17.21,99.87,0,80.0
2024-10-09,Southeast Asia,Storage,372.36,465.45,6.98,99.86,0,80.0
2024-10-10,Central India,Compute,370.71,463.39,23.17,99.86,0,80.0
2024-10-11,East US,Storage,407.72,,7.64,99.86,0,80.0
2024-10-12,West Europe,Compute,452.66,565.83,28.29,99.85,1,80.0
2024-10-13,Southeast Asia,Storage,431.98,539.98,8.1,99.86,1,80.0
2024-10-14,Central India,Compute,387.75,484.69,24.23,99.86,0,80.0
2024-10-15,East US,Storage,363.06,453.82,6.81,99.86,0,80.0
2024-10-16,West Europe,Compute,496.47,620.59,31.03,99.85,0,80.0
2024-10-17,Southeast Asia,Storage,413.09,516.36,7.75,99.86,0,80.0
2024-10-18,Central India,Compute,416.09,520.11,26.01,99.86,0,80.0
2024-10-19,East US,Storage,419.33,524.16,7.86,99.86,1,80.0
2024-10-20,West Europe,Compute,431.65,539.56,,99.86,1,80.0
2024-10-21,Southeast Asia,Storage,424.16,530.2,7.95,99.86,0,80.0
2024-10-22,Central India,Compute,413.6,517.0,25.85,99.86,0,80.0
2024-10-23,East US,Storage,418.95,523.69,7.86,99.86,0,80.0
2024-10-24,West Europe,Compute,441.29,551.61,27.58,99.86,0,80.0
2024-10-25,Southeast Asia,Storage,427.71,534.64,8.02,99.86,0,80.0
2024-10-26,Central India,Compute,426.0,532.5,26.62,99.86,1,80.0
2024-10-27,East US,Storage,458.82,573.52,8.6,99.85,1,80.0
2024-10-28,West Europe,Compute,450.23,562.79,,99.85,0,80.0
2024-10-29,Southeast Asia,Storage,515.77,644.71,9.67,,0,80.0
2024-10-30,Central India,Compute,374.23,467.79,23.39,99.86,0,80.0
2024-10-31,East US,Storage,509.0,636.25,9.54,99.85,0,80.0
2024-11-01,West Europe,Compute,518.09,647.61,32.38,99.85,0,80.0
2024-11-02,Southeast Asia,Storage,405.48,506.85,7.6,99.86,1,80.0
2024-11-03,Central India,Compute,469.5,586.88,,99.85,1,80.0
2024-11-04,East US,Storage,471.83,589.79,8.85,99.85,0,80.0
2024-11-05,West Europe,Compute,438.77,548.46,27.42,99.86,0,80.0
2024-11-06,Southeast Asia,Storage,463.88,579.85,8.7,99.85,0,80.0
2024-11-07,Central India,Compute,455.18,568.98,28.45,99.85,0,80.0
2024-11-08,East US,Storage,,697.72,10.47,99.84,0,80.0
2024-11-09,West Europe,Compute,532.25,665.31,33.27,99.85,1,80.0
2024-11-10,Southeast Asia,Storage,546.52,683.15,10.25,99.85,1,80.0
2024-11-11,Central India,Compute,529.63,662.04,33.1,99.85,0,80.0
2024-11-12,East US,Storage,467.05,583.81,8.76,99.85,0,80.0
2024-11-13,West Europe,Compute,490.26,612.83,30.64,99.85,0,80.0
2024-11-14,Southeast Asia,Storage,527.63,659.54,9.89,99.85,0,80.0
2024-11-15,Central India,Compute,469.45,586.81,29.34,99.85,0,80.0
2024-11-16,East US,Storage,538.73,673.41,10.1,99.85,1,80.0
2024-11-17,West Europe,Compute,506.75,633.44,31.67,99.85,1,80.0
2024-11-18,Southeast Asia,Storage,503.25,629.06,9.44,99.85,0,80.0
2024-11-19,Central India,Compute,542.3,677.88,33.89,99.85,0,80.0
2024-11-20,East US,Storage,533.83,667.29,10.01,99.85,0,80.0
2024-11-21,West Europe,Compute,506.34,632.92,31.65,99.85,0,80.0
2024-11-22,Southeast Asia,Storage,560.06,700.08,10.5,99.84,0,80.0
2024-11-23,Central India,Compute,481.99,602.49,30.12,99.85,1,80.0
2024-11-24,East US,Storage,541.54,676.92,10.15,99.85,1,80.0
2024-11-25,West Europe,Compute,540.73,675.91,33.8,99.85,0,80.0
2024-11-26,Southeast Asia,Storage,508.94,636.17,9.54,99.85,0,80.0
2024-11-27,Central India,Compute,530.81,663.51,33.18,99.85,0,80.0
2024-11-28,East US,Storage,475.06,593.83,8.91,99.85,0,80.0
2024-11-29,West Europe,Compute,550.46,688.08,34.4,99.84,0,80.0
2024-11-30,Southeast Asia,Storage,510.75,638.44,9.58,99.85,1,80.0
2024-12-01,Central India,Compute,497.85,622.31,31.12,99.85,1,80.0
2024-12-02,East US,Storage,551.61,689.51,10.34,99.84,0,80.0
2024-12-03,West Europe,Compute,488.83,611.04,30.55,99.85,0,80.0
2024-12-04,Southeast Asia,Storage,462.6,,8.67,99.85,0,80.0
2024-12-05,Central India,Compute,455.66,569.58,28.48,99.85,0,80.0
2024-12-06,East US,Storage,529.44,661.8,9.93,99.85,0,80.0
2024-12-07,West Europe,Compute,461.34,576.67,28.83,99.85,1,80.0
2024-12-08,Southeast Asia,Storage,565.34,706.68,10.6,99.84,1,80.0
2024-12-09,Central India,Compute,,535.83,26.79,99.86,0,80.0
2024-12-10,East US,Storage,558.37,697.96,10.47,99.84,0,80.0
2024-12-11,West Europe,Compute,503.69,629.61,,99.85,0,80.0
2024-12-12,Southeast Asia,Storage,490.1,612.62,9.19,99.85,0,80.0
2024-12-13,Central India,Compute,471.44,589.3,29.46,99.85,0,80.0
2024-12-14,East US,Storage,501.38,626.72,9.4,99.85,1,80.0
2024-12-15,West Europe,Compute,482.87,603.59,30.18,99.85,1,80.0
2024-12-16,Southeast Asia,Storage,519.44,649.3,9.74,99.85,0,80.0
2024-12-17,Central India,Compute,481.35,601.69,30.08,99.85,0,80.0
2024-12-18,East US,Storage,479.03,598.79,8.98,99.85,0,80.0
2024-12-19,West Europe,Compute,457.34,571.67,28.58,99.85,0,80.0
2024-12-20,Southeast Asia,Storage,464.27,580.34,8.71,99.85,0,80.0
2024-12-21,Central India,Compute,473.13,591.41,29.57,99.85,1,80.0
2024-12-22,East US,Storage,398.51,498.14,7.47,99.86,1,80.0
2024-12-23,West Europe,Compute,407.1,508.88,25.44,99.86,0,80.0
2024-12-24,Southeast Asia,Storage,476.14,595.17,8.93,99.85,0,80.0
2024-12-25,Central India,Compute,451.87,564.84,28.24,99.85,0,80.0
2024-12-26,East US,Storage,,543.94,8.16,99.86,0,80.0
2024-12-27,West Europe,Compute,437.87,547.34,27.37,99.86,0,80.0
2024-12-28,Southeast Asia,Storage,444.97,,8.34,99.86,1,80.0
2024-12-29,Central India,Compute,409.45,511.81,25.59,99.86,1,80.0
2024-12-30,East US,Storage,396.59,495.74,7.44,99.86,0,80.0
2024-12-31,West Europe,Compute,426.13,532.66,26.63,99.86,0,80.0
2025-01-01,Southeast Asia,Storage,380.46,475.58,7.13,99.86,0,80.0
2025-01-02,Central India,Compute,424.4,530.5,26.52,99.86,0,80.0
2025-01-03,East US,Storage,345.91,432.39,6.49,99.87,0,80.0
2025-01-04,West Europe,Compute,436.9,546.12,27.31,99.86,1,80.0
2025-01-05,Southeast Asia,Storage,412.8,516.0,7.74,99.86,1,80.0
2025-01-06,Central India,Compute,400.6,,25.04,99.86,0,80.0
2025-01-07,East US,Storage,421.43,526.79,7.9,99.86,0,80.0
2025-01-08,West Europe,Compute,440.75,550.94,27.55,99.86,0,80.0
2025-01-09,Southeast Asia,Storage,413.4,516.75,7.75,99.86,0,80.0
2025-01-10,Central India,Compute,308.94,,19.31,99.87,0,80.0
2025-01-11,East US,Storage,324.1,405.12,6.08,99.87,1,80.0
2025-01-12,West Europe,Compute,342.58,428.22,21.41,,1,80.0
2025-01-13,Southeast Asia,Storage,360.98,451.22,6.77,99.86,0,80.0
2025-01-14,Central India,Compute,373.85,467.31,,99.86,0,80.0
2025-01-15,East US,Storage,326.07,407.59,6.11,99.87,0,80.0
2025-01-16,West Europe,Compute,353.82,442.28,22.11,99.86,0,80.0
2025-01-17,Southeast Asia,Storage,316.74,395.92,5.94,99.87,0,80.0
2025-01-18,Central India,Compute,317.74,397.18,19.86,,1,80.0
2025-01-19,East US,Storage,285.98,357.48,5.36,99.87,1,80.0
2025-01-20,West Europe,Compute,299.06,373.82,18.69,99.87,0,80.0
2025-01-21,Southeast Asia,Storage,280.32,350.4,5.26,99.87,0,80.0
2025-01-22,Central India,Compute,,362.3,18.11,99.87,0,80.0
2025-01-23,East US,Storage,357.36,446.7,6.7,99.86,0,80.0
2025-01-24,West Europe,Compute,283.85,354.81,17.74,99.87,0,80.0
2025-01-25,Southeast Asia,Storage,405.93,507.41,7.61,99.86,1,80.0
2025-01-26,Central India,Compute,,,20.5,99.87,1,80.0
2025-01-27,East US,Storage,314.1,392.62,5.89,99.87,0,80.0
2025-01-28,West Europe,Compute,274.71,343.39,17.17,99.87,0,80.0
2025-01-29,Southeast Asia,Storage,326.52,408.15,6.12,99.87,0,80.0
2025-01-30,Central India,Compute,279.27,349.09,17.45,99.87,0,80.0
2025-01-31,East US,Storage,301.24,376.55,5.65,99.87,0,80.0
2025-02-01,West Europe,Compute,384.28,480.35,24.02,99.86,1,80.0
2025-02-02,Southeast Asia,Storage,289.18,361.48,5.42,99.87,1,80.0
2025-02-03,Central India,Compute,330.79,413.49,20.67,99.87,0,80.0
2025-02-04,East US,Storage,264.14,330.17,4.95,99.87,0,80.0
2025-02-05,West Europe,Compute,285.88,357.35,,99.87,0,80.0
2025-02-06,Southeast Asia,Storage,347.6,434.5,6.52,99.87,0,80.0
2025-02-07,Central India,Compute,262.36,327.95,16.4,99.87,0,80.0
2025-02-08,East US,Storage,346.6,433.25,6.5,99.87,1,80.0
2025-02-09,West Europe,Compute,306.97,383.71,19.19,99.87,1,80.0
2025-02-10,Southeast Asia,Storage,261.72,327.15,4.91,99.87,0,80.0
2025-02-11,Central India,Compute,302.92,,18.93,99.87,0,80.0
2025-02-12,East US,Storage,314.39,392.99,5.89,99.87,0,80.0
2025-02-13,West Europe,Compute,301.85,377.31,18.87,99.87,0,80.0
2025-02-14,Southeast Asia,Storage,225.04,281.3,4.22,99.88,0,80.0
2025-02-15,Central India,Compute,,318.3,,99.87,1,80.0
2025-02-16,East US,Storage,271.7,,5.09,99.87,1,80.0
2025-02-17,West Europe,Compute,,347.76,17.39,99.87,0,80.0
2025-02-18,Southeast Asia,Storage,303.16,378.95,5.68,99.87,0,80.0
